0,1,2,3,4,5,6,7,8,9,10,11,12,13,14,15,16,17,18,19
1.339999970048666,0.4599999897181988,0.8699999805539846,0.5299999881535769,0.5399999879300594,0.6999999843537807,0.29999999329447746,1.4699999671429396,1.169999973848462,0.7699999827891588,2.0499999541789293,0.4999999888241291,0.09999999776482582,1.4899999666959047,0.5299999881535769,0.5599999874830246,0.789999982342124,0.5899999868124723,0.5699999872595072,0.05999999865889549
0.5899999868124723,2.029999954625964,0.0,0.0,0.1599999964237213,0.0,1.269999971613288,0.0,0.7099999841302633,0.5299999881535769,0.2299999948590994,0.4899999890476465,0.7099999841302633,1.409999968484044,1.2599999718368053,1.289999971166253,0.08999999798834324,0.9599999785423279,0.3899999912828207,0.3299999926239252
1.0199999772012234,0.5699999872595072,1.6799999624490738,1.2399999722838402,1.9699999559670687,0.8299999814480543,0.9199999794363976,0.9999999776482582,0.8699999805539846,0.8899999801069498,1.8599999584257603,1.8299999590963125,1.5499999653548002,1.7199999615550041,2.059999953955412,1.8299999590963125,0.8099999818950891,1.5499999653548002,0.7199999839067459,1.839999958872795
2.679999940097332,1.1199999749660492,2.7399999387562275,1.6399999633431435,1.1099999751895666,2.3599999472498894,0.4999999888241291,1.2299999725073576,0.9999999776482582,1.4499999675899744,2.2399999499320984,1.339999970048666,0.9999999776482582,0.5799999870359898,2.2799999490380287,1.1199999749660492,1.7799999602138996,0.7499999832361937,1.649999963119626,1.8299999590963125
2.4799999445676804,1.579999964684248,1.099999975413084,1.7499999608844519,1.2999999709427357,1.169999973848462,1.9799999557435513,0.24999999441206455,2.079999953508377,2.4499999452382326,1.4499999675899744,3.8099999148398638,1.149999974295497,1.8699999582022429,1.649999963119626,1.4699999671429396,2.629999941214919,1.219999972730875,1.6899999622255564,2.43999994546175
2.4799999445676804,2.199999950826168,1.1199999749660492,1.339999970048666,1.4999999664723873,1.5399999655783176,1.6399999633431435,0.6299999859184027,2.1699999514967203,1.1299999747425318,1.6399999633431435,3.419999923557043,3.109999930486083,1.5199999660253525,1.1099999751895666,1.9099999573081732,1.389999968931079,2.699999939650297,1.1599999740719795,1.81999995931983
2.0899999532848597,3.63999991863966,1.7199999615550041,1.7799999602138996,1.7299999613314867,2.0499999541789293,0.8099999818950891,2.149999951943755,2.5999999418854713,0.8199999816715717,1.8699999582022429,3.419999923557043,3.2899999264627695,3.0999999307096004,2.149999951943755,4.229999905452132,4.039999909698963,1.6699999626725912,2.1699999514967203,1.8299999590963125
2.7199999392032623,2.079999953508377,5.479999877512455,2.2599999494850636,2.079999953508377,2.3299999479204416,5.469999877735972,2.9999999329447746,2.229999950155616,2.5299999434500933,4.809999892488122,1.6199999637901783,2.629999941214919,3.9099999126046896,3.05999993160367,3.7699999157339334,5.1099998857825994,2.7399999387562275,1.769999960437417,2.3099999483674765
1.6599999628961086,2.1899999510496855,3.879999913275242,2.0199999548494816,2.9999999329447746,3.9599999114871025,2.5699999425560236,5.169999884441495,2.679999940097332,2.0699999537318945,2.4699999447911978,3.3199999257922173,2.0999999530613422,1.8299999590963125,2.9799999333918095,2.1899999510496855,3.5499999206513166,1.9199999570846558,1.9699999559670687,3.7399999164044857
4.149999907240272,2.8799999356269836,2.7199999392032623,3.279999926686287,4.139999907463789,2.0399999544024467,5.839999869465828,3.6699999179691076,3.4099999237805605,3.829999914392829,4.6299998965114355,3.9099999126046896,4.469999900087714,5.049999887123704,4.399999901652336,4.3199999034404755,2.4099999461323023,5.599999874830246,3.2899999264627695,0.9899999778717756
5.449999878183007,6.909999845549464,5.679999873042107,3.6499999184161425,2.579999942332506,7.209999838843942,2.3599999472498894,4.189999906346202,3.659999918192625,4.829999892041087,2.7099999394267797,4.029999909922481,5.049999887123704,2.0999999530613422,4.729999894276261,5.559999875724316,4.9399998895823956,3.9799999110400677,3.969999911263585,5.139999885112047
5.6099998746067286,5.949999867007136,4.099999908357859,3.1999999284744263,3.539999920874834,4.179999906569719,7.93999982252717,3.5499999206513166,2.149999951943755,6.779999848455191,5.589999875053763,4.709999894723296,5.069999886676669,7.419999834150076,3.7499999161809683,3.659999918192625,4.169999906793237,3.2399999275803566,6.049999864771962,5.409999879077077
5.249999882653356,5.559999875724316,7.169999839738011,5.759999871253967,5.589999875053763,4.9899998884648085,4.409999901428819,5.7799998708069324,4.9399998895823956,4.56999989785254,5.269999882206321,5.669999873265624,5.839999869465828,7.509999832138419,3.609999919310212,4.379999902099371,5.479999877512455,7.019999843090773,6.259999860078096,1.8499999586492777
5.879999868571758,5.469999877735972,5.689999872818589,4.409999901428819,3.3399999253451824,6.339999858289957,5.099999886006117,5.669999873265624,5.80999987013638,4.729999894276261,8.369999812915921,3.8699999134987593,5.719999872148037,6.149999862536788,7.019999843090773,5.239999882876873,6.03999986499548,6.03999986499548,6.9499998446553946,7.269999837502837
4.709999894723296,6.569999853149056,4.039999909698963,5.129999885335565,5.619999874383211,4.449999900534749,6.959999844431877,5.599999874830246,3.3899999242275953,9.049999797716737,5.679999873042107,4.769999893382192,4.619999896734953,6.369999857619405,4.649999896064401,8.16999981738627,4.039999909698963,4.329999903216958,7.6699998285621405,6.459999855607748
5.4199998788535595,5.759999871253967,6.899999845772982,4.099999908357859,6.099999863654375,7.209999838843942,7.039999842643738,3.4399999231100082,7.889999823644757,6.339999858289957,5.019999887794256,3.1499999295920134,4.709999894723296,5.629999874159694,7.099999841302633,3.899999912828207,8.55999980866909,7.029999842867255,5.469999877735972,6.769999848678708
8.459999810904264,7.169999839738011,7.8599998243153095,6.769999848678708,8.009999820962548,7.379999835044146,7.00999984331429,6.549999853596091,7.379999835044146,4.399999901652336,7.179999839514494,8.90999980084598,5.139999885112047,8.799999803304672,6.869999846443534,9.259999793022871,8.039999820291996,6.849999846890569,7.539999831467867,8.049999820068479
7.079999841749668,5.209999883547425,10.949999755248427,8.179999817162752,8.949999799951911,6.359999857842922,5.479999877512455,6.579999852925539,8.999999798834324,6.709999850019813,8.099999818950891,4.639999896287918,7.029999842867255,6.609999852254987,5.259999882429838,5.749999871477485,6.979999843984842,5.439999878406525,6.959999844431877,5.399999879300594
7.509999832138419,6.679999850690365,5.429999878630042,8.349999813362956,6.409999856725335,7.849999824538827,6.3999998569488525,6.179999861866236,7.169999839738011,5.909999867901206,7.169999839738011,6.509999854490161,7.929999822750688,5.379999879747629,7.8599998243153095,8.259999815374613,7.169999839738011,7.379999835044146,5.409999879077077,7.9799998216331005
5.669999873265624,5.839999869465828,6.769999848678708,8.16999981738627,6.649999851360917,9.009999798610806,10.41999976709485,9.659999784082174,6.609999852254987,7.999999821186066,10.639999762177467,6.479999855160713,8.279999814927578,8.569999808445573,8.609999807551503,6.179999861866236,7.179999839514494,7.0699998419731855,6.7599998489022255,7.029999842867255
6.9999998435378075,7.829999824985862,5.549999875947833,7.159999839961529,8.899999801069498,6.679999850690365,8.369999812915921,6.709999850019813,8.409999812021852,6.749999849125743,7.439999833703041,7.529999831691384,6.8799998462200165,6.899999845772982,7.539999831467867,9.129999795928597,5.8499998692423105,5.639999873936176,9.309999791905284,7.149999840185046
7.639999829232693,6.509999854490161,8.369999812915921,6.319999858736992,8.119999818503857,8.589999807998538,7.599999830126762,8.299999814480543,7.169999839738011,7.749999826774001,5.939999867230654,3.109999930486083,8.029999820515513,8.709999805316329,6.609999852254987,5.7799998708069324,5.739999871701002,7.959999822080135,5.279999881982803,8.569999808445573
8.419999811798334,10.779999759048223,6.689999850466847,5.349999880418181,6.619999852031469,4.589999897405505,6.499999854713678,5.6599998734891415,6.2799998596310616,5.469999877735972,5.249999882653356,8.029999820515513,6.729999849572778,5.14999988488853,7.299999836832285,5.6099998746067286,6.799999848008156,5.939999867230654,5.799999870359898,3.709999917075038
7.579999830573797,8.809999803081155,9.939999777823687,9.789999781176448,5.029999887570739,7.35999983549118,7.459999833256006,9.929999778047204,6.599999852478504,6.69999985024333,10.95999975502491,8.16999981738627,8.419999811798334,11.5399997420609,9.48999978788197,7.569999830797315,7.949999822303653,8.039999820291996,7.399999834597111,9.899999778717756
8.429999811574817,9.739999782294035,7.869999824091792,9.439999788999557,7.099999841302633,7.849999824538827,7.699999827891588,8.679999805986881,6.229999860748649,7.809999825432897,6.779999848455191,5.699999872595072,9.969999777153134,9.399999789893627,11.80999973602593,3.1199999302625656,7.259999837726355,7.639999829232693,6.899999845772982,7.699999827891588
8.609999807551503,7.999999821186066,5.279999881982803,8.809999803081155,9.729999782517552,7.799999825656414,6.719999849796295,8.649999806657434,8.769999803975224,7.04999984242022,7.239999838173389,6.749999849125743,7.5499998312443495,7.249999837949872,8.669999806210399,7.389999834820628,9.939999777823687,8.419999811798334,9.739999782294035,9.709999782964587
9.71999978274107,8.979999799281359,8.529999809339643,5.9699998665601015,7.969999821856618,6.259999860078096,15.359999656677246,6.719999849796295,12.559999719262123,6.379999857395887,8.01999982073903,8.16999981738627,5.339999880641699,6.819999847561121,10.129999773576856,11.089999752119184,8.489999810233712,6.669999850913882,9.17999979481101,11.219999749213457
10.699999760836363,9.359999790787697,8.069999819621444,8.16999981738627,4.959999889135361,8.149999817833304,7.62999982945621,15.169999660924077,10.699999760836363,7.299999836832285,6.339999858289957,6.409999856725335,9.239999793469906,8.539999809116125,9.619999784976244,7.809999825432897,5.199999883770943,11.899999734014273,18.54999958537519,7.759999826550484
6.689999850466847,7.7399998269975185,5.829999869689345,10.059999775141478,11.109999751672149,10.539999764412642,6.11999986320734,8.849999802187085,11.26999974809587,19.489999564364552,7.209999838843942,9.259999793022871,7.199999839067459,6.679999850690365,5.409999879077077,6.799999848008156,4.429999900981784,8.079999819397926,5.469999877735972,7.199999839067459
8.959999799728394,6.729999849572778,8.009999820962548,5.269999882206321,15.999999642372131,4.239999905228615,7.659999828785658,13.66999969445169,12.179999727755785,11.22999974898994,5.2999998815357685,11.739999737590551,5.029999887570739,6.3299998585134745,8.359999813139439,6.859999846667051,13.66999969445169,9.699999783188105,6.34999985806644,4.139999907463789
10.829999757930636,4.109999908134341,9.889999778941274,13.119999706745148,5.699999872595072,5.079999886453152,10.449999766424298,6.049999864771962,5.409999879077077,6.9499998446553946,4.469999900087714,4.949999889358878,2.919999934732914,8.239999815821648,4.809999892488122,16.239999637007713,6.579999852925539,5.369999879971147,6.07999986410141,16.859999623149633
7.93999982252717,8.629999807104468,11.489999743178487,13.659999694675207,7.35999983549118,10.939999755471945,8.899999801069498,6.439999856054783,8.269999815151095,5.129999885335565,5.7799998708069324,7.04999984242022,7.379999835044146,8.259999815374613,5.139999885112047,4.909999890252948,9.379999790340662,8.119999818503857,8.51999980956316,10.349999768659472
6.229999860748649,8.379999812692404,7.559999831020832,12.089999729767442,6.459999855607748,13.799999691545963,7.089999841526151,6.769999848678708,6.129999862983823,7.8599998243153095,12.07999972999096,8.279999814927578,8.899999801069498,10.139999773353338,13.599999696016312,5.129999885335565,14.849999668076634,5.169999884441495,8.349999813362956,11.719999738037586
8.419999811798334,18.209999592974782,10.289999770000577,11.57999974116683,11.689999738708138,5.269999882206321,5.509999876841903,13.719999693334103,8.699999805539846,14.659999672323465,16.30999963544309,6.049999864771962,7.129999840632081,5.1099998857825994,11.209999749436975,8.199999816715717,11.449999744072556,7.609999829903245,8.769999803975224,8.089999819174409
7.389999834820628,8.86999980174005,7.159999839961529,10.489999765530229,10.87999975681305,14.32999967969954,10.309999769553542,13.719999693334103,6.909999845549464,7.0699998419731855,14.419999677687883,11.65999973937869,9.879999779164791,5.699999872595072,8.719999805092812,10.41999976709485,17.419999610632658,15.769999647513032,9.749999782070518,14.889999667182565
6.559999853372574,8.12999981828034,11.439999744296074,16.009999642148614,12.899999711662531,5.449999878183007,11.679999738931656,6.869999846443534,9.9899997767061,8.569999808445573,17.979999598115683,6.07999986410141,8.079999819397926,12.479999721050262,9.559999786317348,9.979999776929617,8.679999805986881,5.069999886676669,13.78999969176948,11.059999752789736
12.649999717250466,10.33999976888299,14.6399996727705,9.429999789223075,11.18999974988401,7.31999983638525,13.229999704286456,11.089999752119184,24.23999945819378,12.049999730661511,13.909999689087272,7.31999983638525,11.209999749436975,4.789999892935157,16.29999963566661,7.109999841079116,8.309999814257026,10.129999773576856,7.289999837055802,12.289999725297093
13.259999703615904,12.50999972037971,18.11999959498644,9.739999782294035,13.849999690428376,12.339999724179506,14.839999668300152,14.90999966673553,15.669999649748206,15.109999662265182,15.209999660030007,17.599999606609344,19.029999574646354,5.80999987013638,9.439999788999557,11.449999744072556,8.2099998164922,15.91999964416027,11.779999736696482,7.199999839067459
16.88999962247908,15.269999658688903,18.12999959476292,7.149999840185046,8.819999802857637,13.159999705851078,9.579999785870314,13.729999693110585,13.12999970652163,13.04999970830977,11.109999751672149,16.799999624490738,15.75999964773655,16.049999641254544,14.849999668076634,14.28999968059361,13.699999693781137,17.23999961465597,20.279999546706676,10.68999976105988
17.219999615103006,14.36999967880547,11.379999745637178,17.9699995983392,15.419999655336142,14.569999674335122,12.049999730661511,13.279999703168869,14.569999674335122,11.099999751895666,15.269999658688903,15.819999646395445,17.419999610632658,7.579999830573797,13.879999689757824,14.339999679476023,9.049999797716737,9.879999779164791,10.559999763965607,10.869999757036567
12.899999711662531,16.239999637007713,15.149999661371112,17.089999618008733,7.709999827668071,12.219999726861715,11.789999736472964,12.38999972306192,10.99999975413084,17.109999617561698,15.019999664276838,14.55999967455864,18.959999576210976,18.39999958872795,15.519999653100967,9.259999793022871,16.479999631643295,13.419999700039625,18.07999959588051,12.149999728426337
13.949999688193202,15.549999652430415,21.279999524354935,18.499999586492777,11.739999737590551,16.33999963477254,19.099999573081732,13.919999688863754,15.399999655783176,13.679999694228172,14.669999672099948,11.149999750778079,9.809999780729413,14.039999686181545,18.269999591633677,12.179999727755785,14.229999681934714,15.599999651312828,19.189999571070075,12.109999729320407
14.079999685287476,9.63999978452921,15.579999651759863,9.869999779388309,18.849999578669667,12.109999729320407,18.16999959386885,18.97999957576394,12.219999726861715,13.839999690651894,19.62999956123531,12.529999719932675,14.219999682158232,14.899999666959047,9.119999796152115,11.279999747872353,14.149999683722854,13.059999708086252,15.75999964773655,14.849999668076634
15.339999657124281,17.259999614208937,12.329999724403024,7.329999836161733,13.419999700039625,21.619999516755342,11.159999750554562,14.739999670535326,12.149999728426337,17.109999617561698,13.119999706745148,19.449999565258622,17.14999961666763,6.979999843984842,20.619999539107084,10.439999766647816,15.429999655112624,9.959999777376652,6.149999862536788,14.539999675005674
11.869999734684825,29.919999331235886,13.639999695122242,14.779999669641256,13.909999689087272,13.519999697804451,14.919999666512012,12.129999728873372,18.059999596327543,17.099999617785215,11.76999973692,15.459999654442072,13.04999970830977,15.959999643266201,17.209999615326524,16.779999624937773,18.059999596327543,9.579999785870314,12.149999728426337,11.839999735355377
15.439999654889107,20.979999531060457,14.389999678358436,15.199999660253525,17.219999615103006,11.589999740943313,10.68999976105988,16.289999635890126,19.16999957151711,20.29999954625964,17.69999960437417,7.329999836161733,18.249999592080712,10.539999764412642,18.77999958023429,14.169999683275819,13.309999702498317,16.329999634996057,11.629999740049243,13.589999696239829
12.299999725073576,14.399999678134918,6.96999984420836,14.399999678134918,23.059999484568834,13.599999696016312,12.249999726191163,13.249999703839421,10.02999977581203,9.71999978274107,16.359999634325504,11.749999737367034,15.159999661147594,10.739999759942293,13.74999969266355,16.599999628961086,12.359999723732471,10.479999765753746,17.879999600350857,10.399999767541885
12.599999718368053,16.83999962359667,14.939999666064978,12.519999720156193,11.169999750331044,10.269999770447612,13.849999690428376,10.87999975681305,11.979999732226133,8.969999799504876,10.269999770447612,15.289999658241868,14.729999670758843,11.859999734908342,15.969999643042684,17.049999618902802,16.30999963544309,17.639999605715275,16.33999963477254,5.719999872148037
11.529999742284417,17.909999599680305,16.65999962761998,13.069999707862735,9.9899997767061,15.049999663606286,7.599999830126762,18.229999592527747,10.29999976977706,11.169999750331044,14.24999968148768,16.509999630972743,21.619999516755342,14.419999677687883,13.869999689981341,13.04999970830977,8.389999812468886,14.199999682605267,19.539999563246965,29.229999346658587
15.429999655112624,23.409999476745725,16.129999639466405,13.899999689310789,13.989999687299132,14.499999675899744,15.079999662935734,16.88999962247908,12.069999730214477,12.639999717473984,16.319999635219574,16.29999963566661,17.61999960616231,12.069999730214477,18.639999583363533,12.599999718368053,8.369999812915921,15.889999644830823,11.009999753907323,18.139999594539404
18.019999597221613,8.139999818056822,14.6399996727705,16.84999962337315,20.90999953262508,15.679999649524689,18.00999959744513,21.979999508708715,9.119999796152115,21.019999530166388,12.259999725967646,8.349999813362956,12.219999726861715,15.699999649077654,38.629999136552215,20.649999538436532,35.90999919734895,18.929999576881528,11.719999738037586,14.709999671205878
37.75999915599823,13.699999693781137,18.349999589845538,10.709999760612845,15.019999664276838,3.0999999307096004,25.419999431818724,18.139999594539404,19.01999957486987,16.599999628961086,17.909999599680305,18.85999957844615,9.109999796375632,10.809999758377671,17.45999960973859,18.11999959498644,15.589999651536345,21.049999529495835,7.579999830573797,14.699999671429396
13.759999692440033,19.069999573752284,11.029999753460288,18.539999585598707,13.299999702721834,7.889999823644757,24.179999459534883,15.269999658688903,20.09999955072999,17.45999960973859,13.199999704957008,8.399999812245369,16.429999632760882,10.979999754577875,17.509999608621,17.26999961398542,19.35999956727028,15.389999656006694,14.769999669864774,20.309999546036124
12.619999717921019,11.689999738708138,13.859999690204859,8.919999800622463,11.679999738931656,19.999999552965164,20.739999536424875,19.149999571964145,9.969999777153134,16.829999623820186,14.499999675899744,14.71999967098236,7.029999842867255,12.929999710991979,16.679999627172947,9.269999792799354,19.469999564811587,20.32999954558909,13.959999687969685,15.069999663159251
9.779999781399965,8.539999809116125,17.999999597668648,17.399999611079693,19.119999572634697,12.329999724403024,39.30999912135303,15.469999654218554,20.029999552294612,17.049999618902802,16.869999622926116,21.79999951273203,21.979999508708715,17.18999961577356,17.139999616891146,10.139999773353338,17.649999605491757,16.469999631866813,16.159999638795853,17.489999609068036
16.819999624043703,18.649999583140016,8.729999804869294,15.989999642595649,20.029999552294612,16.099999640136957,10.64999976195395,20.91999953240156,14.389999678358436,29.07999935001135,30.23999932408333,13.809999691322446,16.72999962605536,15.75999964773655,10.95999975502491,32.75999926775694,20.17999954894185,14.439999677240849,9.94999977760017,21.669999515637755
11.49999974295497,22.73999949172139,14.32999967969954,15.13999966159463,17.609999606385827,39.329999120905995,18.299999590963125,15.459999654442072,14.429999677464366,15.549999652430415,10.249999770894647,19.039999574422836,17.339999612420797,3.2599999271333218,15.999999642372131,17.77999960258603,15.899999644607306,14.739999670535326,19.839999556541443,18.38999958895147
19.609999561682343,18.31999959051609,19.809999557211995,18.109999595209956,19.029999574646354,18.70999958179891,19.219999570399523,16.119999639689922,13.649999694898725,17.169999616220593,11.18999974988401,17.19999961555004,5.519999876618385,22.859999489039183,15.319999657571316,17.369999611750245,22.239999502897263,15.229999659582973,18.839999578893185,11.639999739825726
19.0599995739758,20.269999546930194,36.87999917566776,20.929999532178044,18.189999593421817,17.799999602138996,21.41999952122569,16.529999630525708,20.79999953508377,17.57999960705638,16.079999640583992,21.71999951452017,19.90999955497682,21.899999510496855,19.859999556094408,16.159999638795853,18.81999957934022,19.489999564364552,13.619999695569277,13.269999703392386
11.609999740496278,18.43999958783388,17.959999598562717,20.729999536648393,17.799999602138996,11.65999973937869,26.079999417066574,18.839999578893185,18.08999959565699,20.459999542683363,19.649999560788274,19.78999955765903,18.559999585151672,19.809999557211995,20.709999537095428,19.839999556541443,15.199999660253525,16.909999622032046,15.129999661818147,23.69999947026372
19.66999956034124,22.669999493286014,12.149999728426337,15.52999965287745,18.89999957755208,20.63999953866005,20.09999955072999,6.34999985806644,19.159999571740627,24.81999944522977,35.00999921746552,19.039999574422836,19.569999562576413,23.409999476745725,23.839999467134476,19.759999558329582,20.739999536424875,24.93999944254756,18.659999582916498,15.159999661147594
19.849999556317925,19.0599995739758,18.759999580681324,21.329999523237348,21.859999511390924,17.559999607503414,19.919999554753304,15.459999654442072,22.719999492168427,20.699999537318945,23.69999947026372,25.349999433383346,19.759999558329582,17.509999608621,20.739999536424875,19.00999957509339,26.01999941840768,15.829999646171927,17.649999605491757,10.349999768659472
14.649999672546983,25.499999430030584,16.719999626278877,18.029999596998096,21.33999952301383,20.98999953083694,13.97999968752265,10.159999772906303,22.57999949529767,14.279999680817127,15.83999964594841,11.509999742731452,15.459999654442072,20.439999543130398,33.4699992518872,20.709999537095428,11.089999752119184,21.10999952815473,26.52999940700829,15.789999647065997
25.779999423772097,26.1799994148314,20.969999531283975,18.769999580457807,23.85999946668744,5.899999868124723,19.889999555423856,3.779999915510416,21.559999518096447,24.879999443888664,8.919999800622463,20.59999953955412,22.92999948747456,21.789999512955546,21.25999952480197,10.349999768659472,18.109999595209956,21.509999519214034,11.369999745860696,21.329999523237348
21.209999525919557,21.209999525919557,22.42999949865043,23.299999479204416,25.51999942958355,23.89999946579337,13.419999700039625,12.449999721720815,13.959999687969685,25.929999420419335,20.51999954134226,22.299999501556158,8.949999799951911,24.3999994546175,14.919999666512012,22.34999950043857,22.899999488145113,18.519999586045742,24.189999459311366,21.019999530166388
19.93999955430627,7.949999822303653,19.999999552965164,24.639999449253082,25.32999943383038,22.589999495074153,22.009999508038163,20.469999542459846,22.92999948747456,20.729999536648393,20.32999954558909,24.24999945797026,18.16999959386885,16.179999638348818,16.57999962940812,20.36999954469502,22.019999507814646,27.159999392926693,17.719999603927135,25.78999942354858
21.44999952055514,21.899999510496855,22.369999499991536,19.729999559000134,26.559999406337738,20.98999953083694,15.909999644383788,11.219999749213457,22.869999488815665,19.879999555647373,27.009999396279454,20.94999953173101,25.63999942690134,21.549999518319964,16.249999636784196,22.859999489039183,14.919999666512012,16.899999622255564,20.889999533072114,23.42999947629869
23.57999947294593,22.92999948747456,22.549999495968223,17.569999607279897,16.969999620690942,30.809999311342835,22.6199994944036,14.499999675899744,20.649999538436532,22.30999950133264,24.289999457076192,20.419999543577433,23.649999471381307,17.7399996034801,23.099999483674765,20.809999534860253,18.70999958179891,21.019999530166388,22.799999490380287,27.599999383091927
19.659999560564756,29.38999934308231,18.829999579116702,35.97999919578433,16.03999964147806,21.319999523460865,23.419999476522207,15.289999658241868,17.109999617561698,26.119999416172504,20.48999954201281,23.26999947987497,20.40999954380095,21.859999511390924,20.32999954558909,16.91999962180853,23.53999947384,26.809999400749803,22.96999948658049,15.779999647289515
17.259999614208937,24.189999459311366,21.629999516531825,23.499999474734068,22.53999949619174,17.65999960526824,23.289999479427934,7.999999821186066,25.269999435171485,17.059999618679285,20.749999536201358,34.759999223053455,22.319999501109123,17.419999610632658,23.829999467357993,15.079999662935734,19.079999573528767,23.57999947294593,24.309999456629157,33.19999925792217
24.079999461770058,21.629999516531825,13.969999687746167,23.689999470487237,21.199999526143074,17.049999618902802,17.629999605938792,23.019999485462904,22.64999949373305,20.48999954201281,23.0799994841218,17.439999610185623,21.099999528378248,18.879999577999115,13.649999694898725,24.139999460428953,21.849999511614442,14.90999966673553,28.07999937236309,21.389999521896243
26.83999940007925,20.809999534860253,25.82999942265451,26.91999939829111,24.329999456182122,26.709999402984977,23.609999472275376,19.579999562352896,21.859999511390924,22.799999490380287,22.199999503791332,24.20999945886433,20.82999953441322,22.259999502450228,22.559999495744705,27.269999390468,18.919999577105045,19.27999956905842,17.009999619796872,22.3899994995445
15.629999650642276,22.30999950133264,20.669999537989497,20.8399995341897,18.369999589398503,23.769999468699098,22.96999948658049,21.429999521002173,19.449999565258622,18.77999958023429,22.709999492391944,21.989999508485198,13.379999700933695,22.409999499097466,17.839999601244926,25.4899994302541,22.529999496415257,25.67999942600727,21.619999516755342,24.489999452605844
13.259999703615904,20.749999536201358,21.21999952569604,22.749999491497874,20.939999531954527,24.119999460875988,23.689999470487237,25.689999425783753,33.76999924518168,18.47999958693981,21.939999509602785,19.349999567493796,25.05999943986535,20.239999547600746,22.369999499991536,22.3899994995445,24.219999458640814,24.429999453946948,25.879999421536922,25.319999434053898
18.31999959051609,19.609999561682343,12.73999971523881,19.67999956011772,25.359999433159828,19.539999563246965,15.509999653324485,25.47999943047762,13.62999969534576,20.069999551400542,18.959999576210976,18.759999580681324,24.139999460428953,17.76999960280955,19.779999557882547,25.47999943047762,24.729999447241426,21.279999524354935,17.289999613538384,26.83999940007925
21.049999529495835,11.289999747648835,21.33999952301383,15.149999661371112,25.159999437630177,14.149999683722854,22.37999949976802,21.819999512284994,22.939999487251043,21.469999520108104,13.179999705404043,15.979999642819166,22.209999503567815,20.689999537542462,29.339999344199896,22.319999501109123,19.55999956279993,19.489999564364552,18.949999576434493,28.42999936453998
10.06999977491796,24.78999944590032,12.909999711439013,21.269999524578452,22.279999502003193,22.6199994944036,25.78999942354858,24.15999945998192,29.209999347105622,27.979999374598265,20.669999537989497,22.65999949350953,23.749999469146132,25.859999421983957,24.389999454841018,28.829999355599284,11.379999745637178,33.99999924004078,17.219999615103006,22.799999490380287
28.38999936543405,25.539999429136515,22.26999950222671,18.269999591633677,21.679999515414238,25.069999439641833,24.539999451488256,26.83999940007925,24.909999443218112,19.139999572187662,28.329999366775155,26.36999941058457,12.77999971434474,22.14999950490892,6.599999852478504,20.939999531954527,29.759999334812164,26.619999404996634,24.58999945037067,29.069999350234866
21.079999528825283,31.379999298602343,19.299999568611383,26.819999400526285,21.91999951004982,22.319999501109123,15.129999661818147,21.639999516308308,23.3099994789809,25.819999422878027,27.929999375715852,20.309999546036124,18.599999584257603,29.619999337941408,26.669999403879046,14.439999677240849,21.02999952994287,23.769999468699098,14.299999680370092,24.529999451711774
15.539999652653933,25.379999432712793,24.77999944612384,22.509999496862292,23.369999477639794,15.509999653324485,26.129999415948987,23.789999468252063,22.14999950490892,11.339999746531248,30.23999932408333,23.179999481886625,23.559999473392963,23.489999474957585,20.859999533742666,27.079999394714832,22.64999949373305,20.969999531283975,18.579999584704638,17.85999960079789
34.72999922372401,15.979999642819166,24.329999456182122,30.39999932050705,24.849999444559216,30.89999930933118,25.51999942958355,24.889999443665147,27.369999388232827,23.23999948054552,20.499999541789293,30.969999307766557,23.61999947205186,20.709999537095428,29.189999347552657,29.0499993506819,27.33999938890338,20.51999954134226,22.199999503791332,21.49999951943755
29.919999331235886,25.469999430701137,31.939999286085367,27.939999375492334,23.229999480769038,24.35999945551157,33.84999924339354,29.9699993301183,26.71999940276146,18.799999579787254,24.609999449923635,24.269999457523227,17.879999600350857,30.58999931626022,24.55999945104122,26.789999401196837,18.38999958895147,20.149999549612403,26.389999410137534,25.939999420195818
27.88999937660992,19.20999957062304,26.129999415948987,22.049999507144094,25.529999429360032,38.55999913811684,17.419999610632658,23.189999481663108,27.199999392032623,30.389999320730567,24.119999460875988,24.379999455064535,28.009999373927712,26.52999940700829,20.939999531954527,33.48999925144017,26.91999939829111,21.509999519214034,25.39999943226576,16.56999962963164
19.339999567717314,23.499999474734068,26.64999940432608,25.459999430924654,26.499999407678843,26.60999940522015,24.389999454841018,27.80999937839806,22.95999948680401,16.509999630972743,36.52999918349087,29.019999351352453,24.27999945729971,14.59999967366457,29.169999347999692,22.589999495074153,28.49999936297536,28.609999360516667,13.559999696910381,21.269999524578452
22.859999489039183,24.379999455064535,29.989999329671264,30.16999932564795,28.88999935425818,26.44999940879643,36.109999192878604,29.839999333024025,21.039999529719353,28.45999936386943,27.079999394714832,29.229999346658587,23.03999948501587,19.809999557211995,17.54999960772693,23.989999463781714,25.769999423995614,29.31999934464693,27.119999393820763,15.969999643042684
31.87999928742647,21.45999952033162,28.479999363422394,22.319999501109123,17.419999610632658,30.689999314025044,20.629999538883567,26.579999405890703,16.529999630525708,20.849999533966184,26.579999405890703,23.689999470487237,18.539999585598707,21.17999952659011,29.289999345317483,21.559999518096447,34.37999923154712,31.189999302849174,23.499999474734068,26.25999941304326
16.359999634325504,17.789999602362514,22.989999486133456,26.809999400749803,21.49999951943755,20.01999955251813,24.119999460875988,29.139999348670244,32.09999928250909,20.779999535530806,27.789999378845096,23.209999481216073,16.899999622255564,26.09999941661954,25.779999423772097,21.33999952301383,26.889999398961663,17.669999605044723,25.729999424889684,22.73999949172139
31.289999300614,29.639999337494373,27.249999390915036,30.719999313354492,29.42999934218824,22.69999949261546,29.599999338388443,31.499999295920134,24.739999447017908,24.379999455064535,32.56999927200377,23.479999475181103,29.42999934218824,19.699999559670687,26.539999406784773,29.069999350234866,23.959999464452267,22.469999497756362,35.19999921321869,24.66999944858253
28.869999354705215,26.56999940611422,28.57999936118722,30.999999307096004,26.769999401643872,21.209999525919557,18.309999590739608,37.899999152868986,27.949999375268817,24.00999946333468,25.44999943114817,23.949999464675784,22.829999489709735,23.879999466240406,29.85999933257699,29.279999345541,25.239999435842037,27.4999993853271,27.679999381303787,23.499999474734068
19.179999571293592,30.04999932833016,20.32999954558909,19.449999565258622,25.589999428018928,23.179999481886625,25.649999426677823,23.499999474734068,28.289999367669225,29.81999933347106,27.589999383315444,37.079999171197414,32.509999273344874,34.74999922327697,18.449999587610364,30.349999321624637,20.56999954022467,21.479999519884586,26.809999400749803,17.919999599456787
35.12999921478331,29.889999331906438,27.639999382197857,29.639999337494373,29.19999934732914,27.169999392703176,25.05999943986535,32.119999282062054,30.849999310448766,32.94999926351011,22.22999950312078,20.6099995393306,30.379999320954084,31.129999304190278,25.39999943226576,23.089999483898282,23.059999484568834,27.679999381303787,23.919999465346336,19.699999559670687
20.029999552294612,27.439999386668205,19.579999562352896,24.729999447241426,29.62999933771789,23.189999481663108,33.14999925903976,25.149999437853694,23.019999485462904,27.949999375268817,28.61999936029315,31.59999929368496,33.45999925211072,28.369999365881085,20.349999545142055,24.929999442771077,30.70999931357801,29.12999934889376,28.629999360069633,30.459999319165945
25.01999944075942,23.099999483674765,22.53999949619174,22.3899994995445,23.809999467805028,25.659999426454306,19.93999955430627,25.159999437630177,23.409999476745725,24.47999945282936,24.139999460428953,32.40999927558005,22.489999497309327,27.009999396279454,20.24999954737723,32.6099992711097,30.08999932743609,31.319999299943447,32.49999927356839,24.329999456182122
31.589999293908477,25.459999430924654,32.63999927043915,26.36999941058457,30.349999321624637,28.219999369233847,25.78999942354858,27.509999385103583,25.609999427571893,18.85999957844615,22.559999495744705,24.6299994494766,25.029999440535903,24.419999454170465,28.07999937236309,22.949999487027526,30.24999932385981,22.06999950669706,26.159999415278435,25.189999436959624
27.7299993801862,26.819999400526285,35.219999212771654,31.0599993057549,27.22999939136207,32.199999280273914,31.899999286979437,34.31999923288822,23.959999464452267,21.579999517649412,26.48999940790236,26.32999941147864,26.28999941237271,25.569999428465962,27.819999378174543,22.049999507144094,22.65999949350953,34.12999923713505,31.619999293237925,30.469999318942428
19.509999563917518,24.77999944612384,22.279999502003193,29.179999347776175,34.54999922774732,32.45999927446246,31.32999929971993,24.35999945551157,25.359999433159828,35.11999921500683,23.149999482557178,30.539999317377806,22.789999490603805,31.52999929524958,34.449999229982495,30.889999309554696,16.56999962963164,22.559999495744705,33.18999925814569,34.27999923378229
34.49999922886491,33.2399992570281,29.7399993352592,35.15999921411276,21.80999951250851,24.099999461323023,22.869999488815665,28.559999361634254,25.659999426454306,25.55999942868948,32.07999928295612,32.94999926351011,23.69999947026372,22.919999487698078,30.299999322742224,35.19999921321869,21.10999952815473,32.3799992762506,29.139999348670244,25.919999420642853
33.399999253451824,27.119999393820763,31.319999299943447,21.979999508708715,31.75999929010868,35.879999198019505,28.72999935783446,18.189999593421817,24.74999944679439,21.2999995239079,27.87999937683344,32.129999281838536,30.889999309554696,28.679999358952045,33.34999925456941,31.63999929279089,33.84999924339354,34.02999923937023,28.679999358952045,29.759999334812164
21.56999951787293,30.409999320283532,25.0899994391948,28.319999366998672,23.769999468699098,25.74999942444265,32.55999927222729,25.959999419748783,29.929999331012368,19.299999568611383,33.10999925993383,37.44999916292727,29.579999338835478,33.88999924249947,35.219999212771654,27.739999379962683,35.84999919869006,33.79999924451113,36.11999919265509,30.04999932833016
26.75999940186739,24.27999945729971,32.36999927647412,24.639999449253082,23.789999468252063,35.259999211877584,27.68999938108027,32.48999927379191,27.52999938465655,33.979999240487814,23.089999483898282,35.30999921076,34.72999922372401,27.969999374821782,27.99999937415123,32.76999926753342,33.73999924585223,35.03999921679497,19.759999558329582,31.089999305084348
34.219999235123396,29.189999347552657,32.61999927088618,27.079999394714832,28.489999363198876,30.849999310448766,33.089999260380864,32.79999926686287,28.139999371021986,34.22999923489988,31.48999929614365,34.759999223053455,25.279999434947968,29.729999335482717,28.88999935425818,27.349999388679862,34.07999923825264,35.92999919690192,25.349999433383346,27.199999392032623
32.80999926663935,34.77999922260642,29.339999344199896,33.14999925903976,31.149999303743243,36.48999918438494,36.08999919332564,30.719999313354492,35.16999921388924,32.469999274238944,28.759999357163906,32.549999272450805,32.48999927379191,33.019999261945486,36.039999194443226,31.469999296590686,29.999999329447746,35.799999199807644,34.30999923311174,35.97999919578433
34.89999921992421,33.7599992454052,32.41999927535653,20.709999537095428,32.239999279379845,31.669999292120337,30.89999930933118,23.679999470710754,34.30999923311174,33.03999926149845,34.43999923020601,28.10999937169254,35.16999921388924,30.5999993160367,34.16999923624098,34.259999234229326,36.23999918997288,33.50999925099313,38.53999913856387,35.89999919757247
31.83999928832054,37.82999915443361,34.059999238699675,34.12999923713505,29.5099993404001,30.55999931693077,23.42999947629869,32.979999262839556,31.75999929010868,36.87999917566776,22.629999494180083,34.529999228194356,32.67999926954508,32.56999927200377,32.47999927401543,32.69999926909804,23.179999481886625,20.79999953508377,36.83999917656183,37.45999916270375
32.59999927133322,26.549999406561255,29.559999339282513,36.29999918863177,25.379999432712793,33.30999925546348,35.0799992159009,34.139999236911535,37.029999172315,33.939999241381884,35.069999216124415,34.88999922014773,35.499999206513166,37.20999916829169,30.24999932385981,37.24999916739762,29.74999933503568,35.569999204948545,26.829999400302768,34.45999922975898
35.729999201372266,35.069999216124415,28.259999368339777,36.5699991825968,36.94999917410314,37.53999916091561,28.919999353587627,34.909999219700694,30.199999324977398,28.289999367669225,36.189999191090465,33.79999924451113,36.98999917320907,33.33999925479293,35.78999920003116,30.93999930843711,33.009999262169,19.199999570846558,37.14999916963279,35.379999209195375
31.21999930217862,24.50999945215881,35.109999215230346,33.369999254122376,33.6999992467463,34.04999923892319,35.26999921165407,33.009999262169,31.959999285638332,28.34999936632812,36.729999179020524,27.80999937839806,35.40999920852482,32.119999282062054,36.079999193549156,36.42999918572605,32.61999927088618,32.629999270662665,36.78999917767942,31.619999293237925
36.23999918997288,32.95999926328659,33.19999925792217,35.32999921031296,33.249999256804585,33.87999924272299,33.22999925725162,35.23999921232462,25.44999943114817,26.09999941661954,29.149999348446727,31.67999929189682,31.729999290779233,28.439999364316463,28.15999937057495,28.599999360740185,34.019999239593744,34.80999922193587,31.90999928675592,28.649999359622598
30.759999312460423,36.63999918103218,34.46999922953546,35.39999920874834,34.97999921813607,35.879999198019505,30.39999932050705,36.729999179020524,35.84999919869006,34.11999923735857,31.59999929368496,35.59999920427799,34.719999223947525,28.949999352917075,32.429999275133014,35.65999920293689,32.159999281167984,30.12999932654202,33.599999248981476,36.40999918617308
33.02999926172197,21.819999512284994,35.09999921545386,31.17999930307269,34.449999229982495,35.11999921500683,34.73999922350049,35.839999198913574,35.219999212771654,25.59999942779541,29.00999935157597,35.4799992069602,30.349999321624637,34.759999223053455,34.31999923288822,31.339999299496412,35.82999919913709,35.05999921634793,35.019999217242,30.769999312236905
33.09999926015735,33.44999925233424,35.219999212771654,36.11999919265509,35.38999920897186,35.43999920785427,33.9899992402643,34.69999922439456,36.24999918974936,35.30999921076,37.779999155551195,34.04999923892319,33.0699992608279,34.70999922417104,33.67999924719334,35.109999215230346,32.24999927915633,36.25999918952584,37.44999916292727,35.98999919556081
35.4799992069602,33.7599992454052,35.259999211877584,36.20999919064343,35.769999200478196,37.87999915331602,35.08999921567738,31.899999286979437,36.1699991915375,36.35999918729067,31.13999930396676,32.36999927647412,31.899999286979437,30.189999325200915,30.819999311119318,36.25999918952584,34.80999922193587,36.079999193549156,35.759999200701714,35.019999217242
35.7099992018193,28.38999936543405,36.59999918192625,34.69999922439456,33.059999261051416,26.789999401196837,34.08999923802912,36.769999178126454,35.84999919869006,37.51999916136265,36.229999190196395,37.83999915421009,32.10999928228557,34.14999923668802,34.74999922327697,28.77999935671687,33.48999925144017,33.829999243840575,31.509999295696616,34.369999231770635
36.6299991812557,32.119999282062054,37.68999915756285,32.29999927803874,31.729999290779233,37.859999153763056,32.939999263733625,30.779999312013388,32.279999278485775,36.17999919131398,38.03999914973974,35.189999213442206,37.699999157339334,28.279999367892742,36.459999185055494,35.019999217242,33.009999262169,36.619999181479216,35.98999919556081,34.37999923154712
36.269999189302325,31.78999928943813,33.79999924451113,30.659999314695597,32.47999927401543,36.079999193549156,35.729999201372266,30.159999325871468,33.789999244734645,35.67999920248985,29.42999934218824,33.91999924182892,33.749999245628715,34.249999234452844,36.46999918483198,35.839999198913574,36.24999918974936,31.87999928742647,33.81999924406409,34.989999217912555
38.44999914057553,38.669999135658145,35.109999215230346,34.839999221265316,35.92999919690192,34.76999922282994,36.539999183267355,34.869999220594764,37.16999916918576,37.629999158903956,37.859999153763056,35.029999217018485,37.04999917186797,37.659999158233404,36.189999191090465,37.4899991620332,30.769999312236905,36.47999918460846,36.46999918483198,37.079999171197414
37.55999916046858,39.369999120011926,35.40999920852482,28.72999935783446,37.98999915085733,31.979999285191298,30.839999310672283,38.479999139904976,34.35999923199415,35.15999921411276,38.02999914996326,34.099999237805605,34.989999217912555,38.129999147728086,37.36999916471541,36.3999991863966,38.3499991428107,34.27999923378229,34.879999220371246,37.929999152198434
36.969999173656106,32.86999926529825,34.62999922595918,34.179999236017466,38.06999914906919,28.80999935604632,35.35999920964241,35.40999920852482,31.0599993057549,35.7099992018193,35.179999213665724,33.89999924227595,32.41999927535653,32.80999926663935,36.82999917678535,37.4899991620332,31.87999928742647,34.259999234229326,36.389999186620116,30.12999932654202
36.13999919220805,33.45999925211072,37.16999916918576,37.2599991671741,35.919999197125435,36.51999918371439,33.399999253451824,35.57999920472503,36.78999917767942,38.6399991363287,32.52999927289784,36.36999918706715,36.44999918527901,36.24999918974936,30.74999931268394,28.449999364092946,33.84999924339354,37.16999916918576,37.68999915756285,37.49999916180968
33.639999248087406,35.42999920807779,38.55999913811684,32.359999276697636,34.8499992210418,36.3399991877377,31.809999288991094,37.76999915577471,29.269999345764518,35.86999919824302,36.379999186843634,30.12999932654202,31.56999929435551,36.769999178126454,34.82999922148883,35.13999921455979,36.20999919064343,33.33999925479293,36.55999918282032,37.779999155551195
34.949999218806624,34.369999231770635,35.499999206513166,32.18999928049743,31.439999297261238,35.05999921634793,35.609999204054475,36.7999991774559,35.769999200478196,32.779999267309904,36.48999918438494,34.89999921992421,34.30999923311174,26.279999412596226,32.68999926932156,33.61999924853444,28.089999372139573,28.879999354481697,34.869999220594764,36.40999918617308
32.72999926842749,33.939999241381884,36.699999179691076,37.039999172091484,36.21999919041991,36.51999918371439,33.71999924629927,37.09999917075038,35.43999920785427,37.199999168515205,37.21999916806817,37.09999917075038,34.41999923065305,37.36999916471541,38.209999145939946,34.489999229088426,36.15999919176102,34.97999921813607,37.59999915957451,36.729999179020524
33.49999925121665,36.189999191090465,34.839999221265316,33.479999251663685,36.31999918818474,37.55999916046858,35.80999919958413,36.8599991761148,35.44999920763075,32.589999271556735,33.709999246522784,36.97999917343259,35.189999213442206,36.11999919265509,37.49999916180968,35.36999920941889,31.399999298155308,32.739999268203974,35.55999920517206,38.209999145939946
35.11999921500683,37.04999917186797,30.099999327212572,34.10999923758209,35.03999921679497,33.91999924182892,32.79999926686287,35.59999920427799,30.149999326094985,33.949999241158366,35.2499992121011,38.05999914929271,35.89999919757247,34.409999230876565,38.13999914750457,31.969999285414815,35.4799992069602,32.64999927021563,34.33999923244119,34.759999223053455
30.08999932743609,33.6999992467463,36.5699991825968,35.58999920450151,32.589999271556735,36.55999918282032,27.509999385103583,36.42999918572605,35.85999919846654,28.669999359175563,32.59999927133322,27.699999380856752,33.13999925926328,34.54999922774732,32.09999928250909,37.06999917142093,33.44999925233424,36.079999193549156,30.459999319165945,31.859999287873507
34.70999922417104,36.08999919332564,35.58999920450151,36.09999919310212,36.40999918617308,35.7099992018193,38.26999914459884,34.57999922707677,35.54999920539558,32.84999926574528,38.209999145939946,34.289999233558774,37.35999916493893,37.63999915868044,36.619999181479216,34.059999238699675,36.28999918885529,29.46999934129417,37.75999915599823,32.79999926686287
35.839999198913574,34.12999923713505,36.93999917432666,33.329999255016446,37.43999916315079,33.79999924451113,36.71999917924404,33.91999924182892,34.16999923624098,36.389999186620116,36.3999991863966,34.329999232664704,32.899999264627695,32.67999926954508,33.91999924182892,36.05999919399619,37.75999915599823,29.879999332129955,35.839999198913574,35.09999921545386
34.839999221265316,36.23999918997288,36.389999186620116,37.2599991671741,34.949999218806624,37.0899991709739,37.70999915711582,32.88999926485121,38.09999914839864,34.91999921947718,35.19999921321869,34.41999923065305,36.50999918393791,34.62999922595918,37.04999917186797,35.759999200701714,35.32999921031296,34.599999226629734,37.56999916024506,33.91999924182892
36.27999918907881,31.939999286085367,37.47999916225672,34.89999921992421,37.49999916180968,37.309999166056514,37.09999917075038,36.81999917700887,38.899999130517244,36.04999919421971,37.629999158903956,34.139999236911535,36.05999919399619,33.9299992416054,37.49999916180968,38.4099991414696,38.56999913789332,36.52999918349087,37.52999916113913,36.3999991863966
32.819999266415834,35.12999921478331,33.789999244734645,37.009999172762036,29.07999935001135,36.309999188408256,33.54999925009906,32.69999926909804,34.31999923288822,35.42999920807779,36.90999917499721,38.169999146834016,32.399999275803566,32.48999927379191,37.029999172315,37.4899991620332,35.2499992121011,36.21999919041991,35.77999920025468,36.58999918214977
34.759999223053455,37.929999152198434,35.109999215230346,37.91999915242195,30.89999930933118,32.86999926529825,37.039999172091484,33.64999924786389,37.82999915443361,38.1799991466105,37.899999152868986,36.32999918796122,30.729999313130975,37.319999165832996,39.07999912649393,34.58999922685325,35.84999919869006,33.169999258592725,34.92999921925366,25.28999943472445
37.78999915532768,34.6199992261827,36.659999180585146,37.9499991517514,37.739999156445265,38.06999914906919,38.519999139010906,35.44999920763075,35.34999920986593,36.94999917410314,36.54999918304384,38.64999913610518,37.56999916024506,36.59999918192625,35.43999920785427,24.759999446570873,36.77999917790294,34.77999922260642,37.63999915868044,36.02999919466674
35.96999919600785,37.8899991530925,35.65999920293689,36.3999991863966,37.819999154657125,37.349999165162444,35.569999204948545,36.73999917879701,34.30999923311174,37.199999168515205,37.039999172091484,34.949999218806624,30.349999321624637,37.60999915935099,33.049999261274934,37.90999915264547,34.81999922171235,35.03999921679497,37.01999917253852,32.67999926954508
34.80999922193587,31.699999291449785,36.83999917656183,28.139999371021986,31.67999929189682,31.579999294131994,36.86999917589128,36.48999918438494,37.21999916806817,36.269999189302325,33.68999924696982,34.6199992261827,35.919999197125435,34.18999923579395,37.43999916315079,33.48999925144017,38.37999914214015,36.15999919176102,32.49999927356839,33.789999244734645
35.15999921411276,32.68999926932156,30.889999309554696,35.799999199807644,35.12999921478331,35.77999920025468,36.08999919332564,36.43999918550253,34.259999234229326,32.819999266415834,37.18999916873872,32.22999927960336,36.15999919176102,22.159999504685402,35.26999921165407,29.03999935090542,36.19999919086695,36.51999918371439,26.21999941393733,28.92999935336411
33.009999262169,34.599999226629734,35.31999921053648,35.84999919869006,34.41999923065305,31.929999286308885,31.67999929189682,33.599999248981476,35.03999921679497,31.83999928832054,35.13999921455979,36.999999172985554,30.109999326989055,35.71999920159578,36.48999918438494,30.269999323412776,29.889999331906438,32.59999927133322,34.64999922551215,36.13999919220805
35.569999204948545,36.67999918013811,36.769999178126454,37.629999158903956,36.109999192878604,34.96999921835959,37.64999915845692,30.89999930933118,35.569999204948545,34.97999921813607,36.43999918550253,36.809999177232385,33.669999247416854,35.419999208301306,36.09999919310212,35.88999919779599,35.919999197125435,32.82999926619232,36.229999190196395,26.969999397173524
36.02999919466674,36.58999918214977,35.61999920383096,36.58999918214977,37.66999915800989,34.72999922372401,35.27999921143055,37.239999167621136,35.82999919913709,35.67999920248985,36.929999174550176,32.91999926418066,37.309999166056514,35.179999213665724,38.46999914012849,37.549999160692096,36.889999175444245,33.50999925099313,36.6299991812557,32.279999278485775
35.85999919846654,34.719999223947525,36.769999178126454,35.30999921076,31.729999290779233,35.46999920718372,36.67999918013811,28.359999366104603,37.32999916560948,34.88999922014773,35.26999921165407,36.52999918349087,31.919999286532402,32.199999280273914,35.89999919757247,35.94999919645488,35.09999921545386,34.679999224841595,33.749999245628715,34.329999232664704
38.42999914102256,38.30999914370477,36.90999917499721,34.82999922148883,36.769999178126454,37.01999917253852,37.7199991568923,35.63999920338392,34.219999235123396,37.929999152198434,35.92999919690192,33.50999925099313,35.069999216124415,34.679999224841595,36.349999187514186,36.55999918282032,31.36999929882586,34.719999223947525,36.539999183267355,32.76999926753342
28.559999361634254,33.18999925814569,33.9899992402643,33.50999925099313,36.48999918438494,36.64999918080866,36.3399991877377,36.83999917656183,33.9899992402643,36.27999918907881,34.879999220371246,36.17999919131398,32.509999273344874,36.70999917946756,38.33999914303422,37.10999917052686,32.79999926686287,32.95999926328659,32.17999928072095,34.77999922260642
33.27999925613403,34.82999922148883,33.18999925814569,34.04999923892319,34.27999923378229,39.39999911934137,35.86999919824302,35.82999919913709,35.4799992069602,36.47999918460846,37.91999915242195,38.52999913878739,33.559999249875546,38.709999134764075,37.20999916829169,35.149999214336276,35.69999920204282,35.35999920964241,35.97999919578433,35.90999919734895
36.729999179020524,32.94999926351011,37.05999917164445,35.59999920427799,34.249999234452844,35.19999921321869,35.57999920472503,36.09999919310212,37.05999917164445,36.969999173656106,36.83999917656183,36.229999190196395,33.79999924451113,32.82999926619232,35.09999921545386,34.96999921835959,32.749999267980456,33.21999925747514,36.52999918349087,36.17999919131398
31.749999290332198,29.419999342411757,36.23999918997288,32.88999926485121,34.46999922953546,33.64999924786389,33.33999925479293,33.939999241381884,29.15999934822321,31.729999290779233,25.47999943047762,31.399999298155308,31.149999303743243,33.58999924920499,34.10999923758209,36.419999185949564,35.729999201372266,35.13999921455979,31.63999929279089,31.889999287202954
36.419999185949564,32.13999928161502,35.759999200701714,34.019999239593744,32.63999927043915,33.72999924607575,37.76999915577471,34.07999923825264,34.80999922193587,34.57999922707677,37.22999916784465,37.82999915443361,37.279999166727066,32.899999264627695,36.87999917566776,33.88999924249947,35.84999919869006,34.77999922260642,33.2399992570281,31.439999297261238
30.35999932140112,28.4199993647635,31.079999305307865,33.17999925836921,26.389999410137534,37.35999916493893,30.889999309554696,31.47999929636717,32.96999926306307,34.70999922417104,36.43999918550253,28.559999361634254,33.49999925121665,31.159999303519726,34.8499992210418,31.269999301061034,31.939999286085367,31.859999287873507,35.35999920964241,34.10999923758209
34.489999229088426,34.06999923847616,34.27999923378229,37.37999916449189,33.95999924093485,33.57999924942851,30.509999318048358,36.499999184161425,35.85999919846654,35.73999920114875,31.199999302625656,32.319999277591705,32.779999267309904,37.389999164268374,35.42999920807779,37.12999917007983,34.35999923199415,33.54999925009906,33.42999925278127,31.819999288767576
33.40999925322831,30.97999930754304,34.33999923244119,32.10999928228557,34.88999922014773,32.61999927088618,35.43999920785427,35.28999921120703,37.509999161586165,28.859999354928732,34.46999922953546,35.44999920763075,25.699999425560236,28.449999364092946,35.58999920450151,33.49999925121665,31.319999299943447,33.85999924317002,34.27999923378229,33.519999250769615
36.35999918729067,37.2599991671741,35.219999212771654,37.26999916695058,32.88999926485121,36.87999917566776,37.12999917007983,30.469999318942428,30.379999320954084,33.40999925322831,29.89999933168292,35.32999921031296,36.23999918997288,36.189999191090465,32.67999926954508,36.889999175444245,37.739999156445265,37.699999157339334,34.799999222159386,33.02999926172197
32.88999926485121,34.92999921925366,29.46999934129417,30.109999326989055,37.64999915845692,36.889999175444245,36.3399991877377,34.68999922461808,35.109999215230346,32.78999926708639,23.999999463558197,36.459999185055494,36.66999918036163,34.51999922841787,36.13999919220805,38.519999139010906,33.34999925456941,36.50999918393791,37.18999916873872,33.84999924339354
31.32999929971993,36.23999918997288,32.82999926619232,33.11999925971031,30.119999326765537,31.699999291449785,33.18999925814569,34.11999923735857,32.05999928340316,35.34999920986593,35.839999198913574,29.93999933078885,34.72999922372401,35.189999213442206,30.55999931693077,32.49999927356839,36.64999918080866,32.03999928385019,34.559999227523804,35.19999921321869
31.509999295696616,37.09999917075038,28.899999354034662,36.20999919064343,27.929999375715852,33.9899992402643,31.5199992954731,34.569999227300286,32.749999267980456,33.5299992505461,32.55999927222729,31.5199992954731,36.309999188408256,30.679999314248562,31.109999304637313,27.949999375268817,33.02999926172197,32.629999270662665,29.66999933682382,30.719999313354492
35.88999919779599,37.119999170303345,36.08999919332564,35.529999205842614,35.81999919936061,32.80999926663935,32.279999278485775,37.199999168515205,37.039999172091484,37.549999160692096,35.0799992159009,28.329999366775155,35.81999919936061,36.08999919332564,35.96999919600785,36.21999919041991,33.479999251663685,37.659999158233404,36.23999918997288,33.57999924942851
28.599999360740185,36.769999178126454,33.299999255687,36.3999991863966,32.34999927692115,35.839999198913574,36.5699991825968,32.279999278485775,34.73999922350049,25.609999427571893,30.97999930754304,32.03999928385019,33.11999925971031,31.389999298378825,31.029999306425452,36.01999919489026,30.28999932296574,34.6199992261827,32.48999927379191,33.629999248310924
34.759999223053455,31.979999285191298,36.659999180585146,33.949999241158366,30.689999314025044,34.7899992223829,32.29999927803874,31.24999930150807,37.779999155551195,37.45999916270375,36.15999919176102,28.88999935425818,33.81999924406409,34.12999923713505,34.95999921858311,33.479999251663685,35.43999920785427,34.93999921903014,30.199999324977398,34.07999923825264
35.97999919578433,35.109999215230346,30.099999327212572,36.11999919265509,35.62999920360744,33.68999924696982,32.01999928429723,35.98999919556081,32.47999927401543,34.449999229982495,31.399999298155308,38.90999913029373,29.66999933682382,35.15999921411276,29.169999347999692,35.019999217242,32.69999926909804,36.98999917320907,34.879999220371246,36.83999917656183
32.8399992659688,33.81999924406409,34.289999233558774,31.48999929614365,35.16999921388924,31.929999286308885,35.40999920852482,33.18999925814569,36.27999918907881,31.589999293908477,27.509999385103583,25.659999426454306,31.239999301731586,18.409999588504434,30.339999321848154,36.05999919399619,29.849999332800508,35.00999921746552,32.239999279379845,35.729999201372266
32.57999927178025,35.23999921232462,37.629999158903956,33.709999246522784,32.25999927893281,33.95999924093485,28.649999359622598,28.15999937057495,32.67999926954508,35.029999217018485,28.11999937146902,35.03999921679497,34.31999923288822,30.379999320954084,35.08999921567738,33.45999925211072,35.98999919556081,36.58999918214977,32.859999265521765,33.56999924965203
36.379999186843634,36.01999919489026,37.44999916292727,34.88999922014773,37.59999915957451,33.129999259486794,29.65999933704734,29.849999332800508,37.469999162480235,37.24999916739762,35.4799992069602,37.40999916382134,35.179999213665724,32.10999928228557,33.07999926060438,33.84999924339354,30.609999315813184,30.489999318495393,34.449999229982495,32.279999278485775
32.199999280273914,28.369999365881085,27.129999393597245,34.409999230876565,32.69999926909804,33.44999925233424,30.229999324306846,33.95999924093485,32.47999927401543,35.11999921500683,32.859999265521765,31.919999286532402,30.70999931357801,32.96999926306307,32.359999276697636,27.22999939136207,32.69999926909804,32.24999927915633,35.7099992018193,29.489999340847135
36.689999179914594,33.72999924607575,37.33999916538596,34.259999234229326,36.689999179914594,36.889999175444245,32.129999281838536,36.069999193772674,35.959999196231365,32.749999267980456,34.23999923467636,36.17999919131398,34.249999234452844,34.989999217912555,33.049999261274934,35.61999920383096,32.859999265521765,28.8199993558228,34.53999922797084,38.8699991311878
37.60999915935099,34.35999923199415,34.64999922551215,32.99999926239252,36.24999918974936,34.31999923288822,35.88999919779599,32.75999926775694,37.2599991671741,36.04999919421971,35.43999920785427,36.66999918036163,33.089999260380864,35.71999920159578,35.67999920248985,32.009999284520745,29.70999933592975,36.35999918729067,34.139999236911535,36.1699991915375
23.089999483898282,34.49999922886491,28.92999935336411,35.96999919600785,35.759999200701714,32.549999272450805,33.88999924249947,35.74999920092523,36.74999917857349,27.129999393597245,33.81999924406409,28.529999362304807,31.52999929524958,32.07999928295612,28.589999360963702,34.31999923288822,32.469999274238944,33.54999925009906,33.61999924853444,32.159999281167984
36.419999185949564,32.75999926775694,25.63999942690134,34.719999223947525,33.15999925881624,34.70999922417104,36.78999917767942,31.82999928854406,34.93999921903014,37.819999154657125,33.30999925546348,33.749999245628715,35.489999206736684,34.54999922774732,35.4799992069602,35.34999920986593,37.01999917253852,36.54999918304384,36.579999182373285,33.6999992467463
34.95999921858311,33.85999924317002,33.33999925479293,34.43999923020601,31.199999302625656,29.259999345988035,33.09999926015735,32.91999926418066,30.109999326989055,32.57999927178025,33.10999925993383,32.319999277591705,29.229999346658587,32.359999276697636,33.61999924853444,35.97999919578433,33.22999925725162,31.289999300614,34.869999220594764,27.91999937593937
35.12999921478331,33.979999240487814,35.419999208301306,35.09999921545386,34.409999230876565,32.07999928295612,28.479999363422394,33.049999261274934,26.939999397844076,34.76999922282994,30.179999325424433,32.29999927803874,34.879999220371246,31.94999928586185,33.77999924495816,31.5199992954731,34.54999922774732,35.029999217018485,32.40999927558005,26.709999402984977
36.63999918103218,33.15999925881624,32.549999272450805,34.53999922797084,32.01999928429723,34.3899992313236,32.61999927088618,31.749999290332198,36.699999179691076,32.549999272450805,23.89999946579337,30.409999320283532,31.109999304637313,33.169999258592725,29.31999934464693,33.869999242946506,33.519999250769615,35.78999920003116,31.849999288097024,34.58999922685325
32.41999927535653,23.50999947451055,29.649999337270856,33.77999924495816,35.179999213665724,33.479999251663685,34.33999923244119,35.09999921545386,37.009999172762036,23.69999947026372,27.589999383315444,33.049999261274934,32.65999926999211,33.22999925725162,32.86999926529825,33.56999924965203,32.92999926395714,31.309999300166965,25.09999943897128,34.949999218806624
36.95999917387962,35.82999919913709,36.52999918349087,32.859999265521765,38.209999145939946,33.13999925926328,33.329999255016446,36.7999991774559,35.55999920517206,35.299999210983515,32.10999928228557,32.629999270662665,28.369999365881085,36.3999991863966,33.79999924451113,36.86999917589128,33.5299992505461,35.019999217242,32.439999274909496,37.17999916896224
30.739999312907457,29.579999338835478,36.1699991915375,36.769999178126454,36.77999917790294,29.809999333694577,36.74999917857349,32.739999268203974,34.799999222159386,37.21999916806817,35.529999205842614,33.33999925479293,29.249999346211553,34.289999233558774,29.579999338835478,22.669999493286014,34.42999923042953,35.31999921053648,34.35999923199415,34.18999923579395
36.229999190196395,35.39999920874834,35.499999206513166,32.629999270662665,34.599999226629734,36.13999919220805,30.819999311119318,33.789999244734645,26.459999408572912,34.1599992364645,36.039999194443226,32.899999264627695,34.14999923668802,34.22999923489988,32.899999264627695,36.08999919332564,34.39999923110008,34.249999234452844,36.389999186620116,29.0499993506819
32.59999927133322,34.19999923557043,35.179999213665724,34.22999923489988,35.00999921746552,33.27999925613403,30.959999307990074,31.98999928496778,37.59999915957451,36.17999919131398,33.639999248087406,31.24999930150807,26.359999410808086,35.959999196231365,34.53999922797084,27.429999386891723,29.07999935001135,31.83999928832054,35.879999198019505,22.73999949172139
30.579999316483736,37.72999915666878,36.86999917589128,33.37999925389886,35.54999920539558,35.36999920941889,29.019999351352453,34.64999922551215,34.91999921947718,35.61999920383096,35.85999919846654,33.40999925322831,30.70999931357801,33.09999926015735,35.5399992056191,33.50999925099313,34.019999239593744,36.54999918304384,35.879999198019505,31.359999299049377
31.049999305978417,31.5199992954731,30.499999318271875,33.33999925479293,34.529999228194356,31.90999928675592,33.44999925233424,28.599999360740185,28.219999369233847,34.139999236911535,31.48999929614365,32.429999275133014,27.169999392703176,32.61999927088618,33.25999925658107,32.96999926306307,31.549999294802547,30.889999309554696,33.009999262169,30.989999307319522
27.519999384880066,35.15999921411276,32.67999926954508,32.67999926954508,29.74999933503568,32.279999278485775,31.959999285638332,37.22999916784465,36.09999919310212,33.979999240487814,32.57999927178025,30.989999307319522,30.47999931871891,31.469999296590686,33.03999926149845,34.909999219700694,35.03999921679497,33.64999924786389,35.38999920897186,37.429999163374305
26.249999413266778,33.38999925367534,29.65999933704734,33.399999253451824,34.1599992364645,33.299999255687,25.40999943204224,33.11999925971031,32.279999278485775,32.549999272450805,30.24999932385981,29.259999345988035,35.12999921478331,29.58999933861196,25.039999440312386,34.96999921835959,30.459999319165945,34.82999922148883,30.739999312907457,31.859999287873507
34.30999923311174,32.2099992800504,32.22999927960336,30.159999325871468,34.39999923110008,33.639999248087406,25.47999943047762,29.339999344199896,33.399999253451824,30.47999931871891,31.669999292120337,28.07999937236309,28.96999935247004,30.16999932564795,34.18999923579395,31.459999296814203,35.92999919690192,32.509999273344874,32.33999927714467,27.799999378621578
29.12999934889376,31.499999295920134,27.949999375268817,34.019999239593744,23.03999948501587,30.39999932050705,34.019999239593744,33.369999254122376,32.47999927401543,33.77999924495816,34.639999225735664,29.909999331459403,33.399999253451824,33.67999924719334,31.119999304413795,33.83999924361706,33.2399992570281,33.87999924272299,29.809999333694577,35.839999198913574
32.17999928072095,27.45999938622117,27.279999390244484,31.499999295920134,34.989999217912555,31.79999928921461,30.679999314248562,31.16999930329621,31.17999930307269,31.439999297261238,32.17999928072095,28.999999351799488,34.06999923847616,26.56999940611422,31.779999289661646,31.439999297261238,36.51999918371439,33.15999925881624,31.379999298602343,33.07999926060438
30.51999931782484,28.129999371245503,28.519999362528324,34.559999227523804,28.77999935671687,28.72999935783446,28.799999356269836,31.709999291226268,29.019999351352453,26.109999416396022,30.58999931626022,34.46999922953546,33.72999924607575,25.9499994199723,25.75999942421913,30.90999930910766,31.429999297484756,29.759999334812164,28.589999360963702,33.49999925121665
34.14999923668802,33.6999992467463,35.20999921299517,33.07999926060438,28.84999935515225,30.63999931514263,32.119999282062054,28.019999373704195,30.86999931000173,33.77999924495816,33.99999924004078,34.97999921813607,32.68999926932156,31.48999929614365,33.67999924719334,32.88999926485121,33.41999925300479,27.929999375715852,30.579999316483736,34.19999923557043
32.67999926954508,35.23999921232462,31.319999299943447,30.66999931447208,28.909999353811145,32.59999927133322,34.059999238699675,33.42999925278127,31.199999302625656,35.43999920785427,31.959999285638332,29.409999342635274,37.47999916225672,32.10999928228557,31.959999285638332,35.77999920025468,32.119999282062054,33.11999925971031,30.5999993160367,33.049999261274934
33.6999992467463,34.34999923221767,31.5199992954731,31.629999293014407,33.289999255910516,31.56999929435551,30.05999932810664,36.09999919310212,33.9899992402643,30.989999307319522,36.02999919466674,29.89999933168292,31.75999929010868,33.559999249875546,32.94999926351011,33.13999925926328,31.129999304190278,36.24999918974936,30.97999930754304,32.739999268203974
32.33999927714467,35.23999921232462,29.299999345093966,30.51999931782484,36.039999194443226,34.57999922707677,36.079999193549156,34.70999922417104,31.129999304190278,32.47999927401543,31.09999930486083,35.23999921232462,37.279999166727066,34.73999922350049,32.65999926999211,32.92999926395714,33.369999254122376,35.44999920763075,31.78999928943813,32.24999927915633
31.199999302625656,32.07999928295612,31.56999929435551,33.399999253451824,30.839999310672283,30.97999930754304,33.059999261051416,34.329999232664704,32.40999927558005,27.169999392703176,29.409999342635274,34.949999218806624,33.289999255910516,31.769999289885163,30.86999931000173,35.13999921455979,33.289999255910516,29.74999933503568,31.509999295696616,32.09999928250909
29.019999351352453,30.93999930843711,35.019999217242,30.919999308884144,32.45999927446246,30.90999930910766,32.13999928161502,32.469999274238944,31.98999928496778,29.959999330341816,33.11999925971031,32.48999927379191,36.83999917656183,29.62999933771789,32.589999271556735,31.83999928832054,30.379999320954084,33.049999261274934,31.269999301061034,34.99999921768904
27.759999379515648,33.26999925635755,32.819999266415834,37.83999915421009,35.80999919958413,36.25999918952584,36.039999194443226,37.21999916806817,32.859999265521765,36.619999181479216,33.22999925725162,34.89999921992421,36.039999194443226,31.36999929882586,31.819999288767576,34.879999220371246,33.84999924339354,34.759999223053455,31.049999305978417,31.809999288991094
32.239999279379845,28.439999364316463,31.229999301955104,33.26999925635755,34.06999923847616,36.35999918729067,33.67999924719334,31.199999302625656,31.769999289885163,24.82999944500625,29.949999330565333,29.649999337270856,32.589999271556735,31.649999292567372,35.649999203160405,32.90999926440418,32.51999927312136,29.529999339953065,27.99999937415123,29.519999340176582
31.549999294802547,35.04999921657145,29.099999349564314,31.699999291449785,33.9299992416054,32.899999264627695,35.00999921746552,32.089999282732606,32.16999928094447,35.88999919779599,33.38999925367534,33.249999256804585,33.289999255910516,33.40999925322831,33.44999925233424,31.269999301061034,35.61999920383096,28.80999935604632,31.67999929189682,29.799999333918095
31.439999297261238,28.53999936208129,27.509999385103583,33.399999253451824,33.909999242052436,20.689999537542462,30.719999313354492,31.339999299496412,32.049999283626676,30.219999324530363,33.77999924495816,33.909999242052436,25.199999436736107,31.069999305531383,30.8299993108958,32.65999926999211,34.799999222159386,31.399999298155308,33.57999924942851,31.039999306201935
34.04999923892319,33.909999242052436,30.94999930821359,29.869999332353473,31.339999299496412,33.629999248310924,33.45999925211072,35.609999204054475,31.86999928764999,35.61999920383096,33.19999925792217,31.17999930307269,33.089999260380864,22.549999495968223,35.57999920472503,23.84999946691096,34.57999922707677,37.16999916918576,36.00999919511378,29.649999337270856
32.549999272450805,25.269999435171485,32.67999926954508,30.24999932385981,33.329999255016446,28.88999935425818,27.359999388456345,30.109999326989055,30.08999932743609,33.26999925635755,28.859999354928732,32.72999926842749,30.01999932900071,28.8199993558228,28.4199993647635,29.499999340623617,28.50999936275184,27.52999938465655,32.22999927960336,25.67999942600727
34.29999923333526,32.779999267309904,32.71999926865101,26.4099994096905,28.599999360740185,30.89999930933118,33.76999924518168,33.009999262169,31.819999288767576,32.84999926574528,32.07999928295612,33.13999925926328,27.709999380633235,26.44999940879643,31.549999294802547,34.50999922864139,30.85999931022525,33.26999925635755,28.80999935604632,35.12999921478331
34.62999922595918,34.37999923154712,33.979999240487814,34.19999923557043,33.5299992505461,30.179999325424433,32.13999928161502,35.299999210983515,31.98999928496778,32.10999928228557,29.909999331459403,31.32999929971993,32.91999926418066,33.089999260380864,29.959999330341816,28.859999354928732,34.599999226629734,34.839999221265316,30.569999316707253,32.49999927356839
33.249999256804585,28.589999360963702,33.17999925836921,32.009999284520745,29.7399993352592,25.939999420195818,30.86999931000173,31.979999285191298,30.93999930843711,28.129999371245503,33.949999241158366,30.579999316483736,31.669999292120337,32.859999265521765,30.649999314919114,33.869999242946506,27.739999379962683,32.33999927714467,29.999999329447746,30.28999932296574
35.069999216124415,31.199999302625656,31.629999293014407,32.71999926865101,31.0599993057549,35.42999920807779,30.54999931715429,32.92999926395714,33.53999925032258,31.149999303743243,28.1899993699044,30.43999931961298,31.16999930329621,31.189999302849174,30.799999311566353,34.22999923489988,22.909999487921596,35.259999211877584,29.529999339953065,32.32999927736819
32.05999928340316,25.499999430030584,27.819999378174543,33.19999925792217,30.459999319165945,34.82999922148883,27.45999938622117,20.48999954201281,33.54999925009906,35.769999200478196,29.81999933347106,32.84999926574528,35.31999921053648,19.12999957241118,30.719999313354492,32.40999927558005,35.19999921321869,34.37999923154712,26.439999409019947,31.659999292343855
28.859999354928732,29.759999334812164,18.77999958023429,33.21999925747514,31.48999929614365,31.969999285414815,30.389999320730567,24.81999944522977,33.4699992518872,29.93999933078885,28.549999361857772,32.049999283626676,27.239999391138554,32.21999927982688,31.01999930664897,30.78999931178987,28.50999936275184,31.049999305978417,29.11999934911728,29.519999340176582
31.619999293237925,34.57999922707677,31.009999306872487,29.799999333918095,33.40999925322831,31.819999288767576,29.879999332129955,33.87999924272299,26.28999941237271,27.7299993801862,32.88999926485121,28.009999373927712,35.08999921567738,31.399999298155308,33.54999925009906,32.69999926909804,34.02999923937023,33.64999924786389,35.32999921031296,31.029999306425452
29.93999933078885,34.449999229982495,32.439999274909496,31.089999305084348,28.899999354034662,34.50999922864139,29.889999331906438,31.21999930217862,33.65999924764037,30.43999931961298,33.599999248981476,21.91999951004982,26.579999405890703,30.86999931000173,31.649999292567372,30.219999324530363,26.25999941304326,27.599999383091927,30.159999325871468,31.59999929368496
